ahkari17459046001.jpg,0
ahkari17459046001024.jpg,0
ahkari1745904600128.jpg,0
ahkari1745904600131072.jpg,0
ahkari174590460016.jpg,0
ahkari174590460016384.jpg,0
ahkari17459046002.jpg,0
ahkari17459046002048.jpg,0
ahkari1745904600256.jpg,0
ahkari1745904600262144.jpg,0
ahkari174590460032.jpg,0
ahkari174590460032768.jpg,0
ahkari17459046004.jpg,0
ahkari17459046004096.jpg,0
ahkari1745904600512.jpg,0
ahkari1745904600524288.jpg,0
ahkari174590460064.jpg,0
ahkari174590460065536.jpg,0
ahkari17459046008.jpg,0
ahkari17459046008192.jpg,0
ahkari17459046031.jpg,0
ahkari17459046031024.jpg,0
ahkari17459046031048576.jpg,0
ahkari1745904603128.jpg,0
ahkari1745904603131072.jpg,0
ahkari174590460316.jpg,0
ahkari174590460316384.jpg,0
ahkari174590460316777216.jpg,0
ahkari17459046032.jpg,0
ahkari17459046032048.jpg,0
ahkari17459046032097152.jpg,0
ahkari1745904603256.jpg,0
ahkari1745904603262144.jpg,0
ahkari174590460332.jpg,0
ahkari174590460332768.jpg,0
ahkari174590460333554432.jpg,0
ahkari17459046034.jpg,0
ahkari17459046034096.jpg,0
ahkari17459046034194304.jpg,0
ahkari1745904603512.jpg,0
ahkari1745904603524288.jpg,0
ahkari174590460364.jpg,0
ahkari174590460365536.jpg,0
ahkari17459046038.jpg,0
ahkari17459046038192.jpg,0
ahkari17459046038388608.jpg,0
jzargo17459046151.jpg,1
jzargo17459046151024.jpg,1
jzargo17459046151048576.jpg,1
jzargo17459046151073741824.jpg,1
jzargo1745904615128.jpg,1
jzargo1745904615131072.jpg,1
jzargo1745904615134217728.jpg,1
jzargo174590461516.jpg,1
jzargo174590461516384.jpg,1
jzargo174590461516777216.jpg,1
jzargo17459046152.jpg,1
jzargo17459046152048.jpg,1
jzargo17459046152097152.jpg,1
jzargo17459046152147483648.jpg,1
jzargo1745904615256.jpg,1
jzargo1745904615262144.jpg,1
jzargo1745904615268435456.jpg,1
jzargo174590461532.jpg,1
jzargo174590461532768.jpg,1
jzargo174590461533554432.jpg,1
jzargo17459046154.jpg,1
jzargo17459046154096.jpg,1
jzargo17459046154194304.jpg,1
jzargo1745904615512.jpg,1
jzargo1745904615524288.jpg,1
jzargo1745904615536870912.jpg,1
jzargo174590461564.jpg,1
jzargo174590461565536.jpg,1
jzargo174590461567108864.jpg,1
jzargo17459046158.jpg,1
jzargo17459046158192.jpg,1
jzargo17459046158388608.jpg,1
jzargo17459046191.jpg,1
jzargo17459046191024.jpg,1
jzargo1745904619128.jpg,1
jzargo174590461916.jpg,1
jzargo17459046192.jpg,1
jzargo17459046192048.jpg,1
jzargo1745904619256.jpg,1
jzargo174590461932.jpg,1
jzargo17459046194.jpg,1
jzargo17459046194096.jpg,1
jzargo1745904619512.jpg,1
jzargo174590461964.jpg,1
jzargo17459046198.jpg,1
khaji17459046281.jpg,2
khaji17459046281024.jpg,2
khaji17459046281048576.jpg,2
khaji17459046281073741824.jpg,2
khaji1745904628128.jpg,2
khaji1745904628131072.jpg,2
khaji1745904628134217728.jpg,2
khaji174590462816.jpg,2
khaji174590462816384.jpg,2
khaji174590462816777216.jpg,2
khaji174590462817179869184.jpg,2
khaji17459046282.jpg,2
khaji17459046282048.jpg,2
khaji17459046282097152.jpg,2
khaji17459046282147483648.jpg,2
khaji1745904628256.jpg,2
khaji1745904628262144.jpg,2
khaji1745904628268435456.jpg,2
khaji174590462832.jpg,2
khaji174590462832768.jpg,2
khaji174590462833554432.jpg,2
khaji174590462834359738368.jpg,2
khaji17459046284.jpg,2
khaji17459046284096.jpg,2
khaji17459046284194304.jpg,2
khaji17459046284294967296.jpg,2
khaji1745904628512.jpg,2
khaji1745904628524288.jpg,2
khaji1745904628536870912.jpg,2
khaji174590462864.jpg,2
khaji174590462865536.jpg,2
khaji174590462867108864.jpg,2
khaji17459046288.jpg,2
khaji17459046288192.jpg,2
khaji17459046288388608.jpg,2
khaji17459046288589934592.jpg,2
khaji17459046341.jpg,2
khaji1745904634128.jpg,2
khaji174590463416.jpg,2
khaji17459046342.jpg,2
khaji1745904634256.jpg,2
khaji174590463432.jpg,2
khaji17459046344.jpg,2
khaji174590463464.jpg,2
khaji17459046348.jpg,2
madran17459046401.jpg,3
madran17459046401024.jpg,3
madran17459046401048576.jpg,3
madran1745904640128.jpg,3
madran1745904640131072.jpg,3
madran174590464016.jpg,3
madran174590464016384.jpg,3
madran17459046402.jpg,3
madran17459046402048.jpg,3
madran1745904640256.jpg,3
madran1745904640262144.jpg,3
madran174590464032.jpg,3
madran174590464032768.jpg,3
madran17459046404.jpg,3
madran17459046404096.jpg,3
madran1745904640512.jpg,3
madran1745904640524288.jpg,3
madran174590464064.jpg,3
madran174590464065536.jpg,3
madran17459046408.jpg,3
madran17459046408192.jpg,3
madran17459046431.jpg,3
madran17459046431024.jpg,3
madran17459046431048576.jpg,3
madran1745904643128.jpg,3
madran1745904643131072.jpg,3
madran174590464316.jpg,3
madran174590464316384.jpg,3
madran17459046432.jpg,3
madran17459046432048.jpg,3
madran17459046432097152.jpg,3
madran1745904643256.jpg,3
madran1745904643262144.jpg,3
madran174590464332.jpg,3
madran174590464332768.jpg,3
madran17459046434.jpg,3
madran17459046434096.jpg,3
madran17459046434194304.jpg,3
madran1745904643512.jpg,3
madran1745904643524288.jpg,3
madran174590464364.jpg,3
madran174590464365536.jpg,3
madran17459046438.jpg,3
madran17459046438192.jpg,3
maiq17459046511.jpg,4
maiq17459046511024.jpg,4
maiq1745904651128.jpg,4
maiq1745904651131072.jpg,4
maiq174590465116.jpg,4
maiq174590465116384.jpg,4
maiq17459046512.jpg,4
maiq17459046512048.jpg,4
maiq1745904651256.jpg,4
maiq1745904651262144.jpg,4
maiq174590465132.jpg,4
maiq174590465132768.jpg,4
maiq17459046514.jpg,4
maiq17459046514096.jpg,4
maiq1745904651512.jpg,4
maiq1745904651524288.jpg,4
maiq174590465164.jpg,4
maiq174590465165536.jpg,4
maiq17459046518.jpg,4
maiq17459046518192.jpg,4
maiq17459046541.jpg,4
maiq1745904654128.jpg,4
maiq174590465416.jpg,4
maiq17459046542.jpg,4
maiq1745904654256.jpg,4
maiq174590465432.jpg,4
maiq17459046544.jpg,4
maiq1745904654512.jpg,4
maiq174590465464.jpg,4
maiq17459046548.jpg,4
risaad17459046601.jpg,5
risaad17459046601024.jpg,5
risaad1745904660128.jpg,5
risaad1745904660131072.jpg,5
risaad174590466016.jpg,5
risaad174590466016384.jpg,5
risaad17459046602.jpg,5
risaad17459046602048.jpg,5
risaad1745904660256.jpg,5
risaad1745904660262144.jpg,5
risaad174590466032.jpg,5
risaad174590466032768.jpg,5
risaad17459046604.jpg,5
risaad17459046604096.jpg,5
risaad1745904660512.jpg,5
risaad174590466064.jpg,5
risaad174590466065536.jpg,5
risaad17459046608.jpg,5
risaad17459046608192.jpg,5
risaad17459046631.jpg,5
risaad17459046631024.jpg,5
risaad17459046631048576.jpg,5
risaad1745904663128.jpg,5
risaad1745904663131072.jpg,5
risaad174590466316.jpg,5
risaad174590466316384.jpg,5
risaad17459046632.jpg,5
risaad17459046632048.jpg,5
risaad1745904663256.jpg,5
risaad1745904663262144.jpg,5
risaad174590466332.jpg,5
risaad174590466332768.jpg,5
risaad17459046634.jpg,5
risaad17459046634096.jpg,5
risaad1745904663512.jpg,5
risaad1745904663524288.jpg,5
risaad174590466364.jpg,5
risaad174590466365536.jpg,5
risaad17459046638.jpg,5
risaad17459046638192.jpg,5
